profileUrl,screenName
https://twitter.com/icebagz_,icebagz_
https://twitter.com/apingcoin,apingcoin
https://twitter.com/PopcornKirby,PopcornKirby
https://twitter.com/thesminemverse,thesminemverse
https://twitter.com/Shishir42069,Shishir42069
https://twitter.com/SiegeRhino2,SiegeRhino2
https://twitter.com/DegenSpartan,DegenSpartan
https://twitter.com/DavideDeCarloRC,DavideDeCarloRC
https://twitter.com/icebergy_,icebergy_
https://twitter.com/VivekGRamaswamy,VivekGRamaswamy
https://twitter.com/sentdefender,sentdefender
https://twitter.com/sealteamsixnine,sealteamsixnine
https://twitter.com/Oxinuarashi,Oxinuarashi
https://twitter.com/LiquidDriver,LiquidDriver
https://twitter.com/Gintas333,Gintas333
https://twitter.com/TraderSumo1,TraderSumo1
https://twitter.com/219_eth,219_eth
https://twitter.com/lepuppeteerfou,lepuppeteerfou
https://twitter.com/daytonmills,daytonmills
https://twitter.com/hirihiri19,hirihiri19
https://twitter.com/danielesesta,danielesesta
https://twitter.com/TulipProtocol,TulipProtocol
https://twitter.com/10spot1,10spot1
https://twitter.com/Beastlyorion,Beastlyorion
https://twitter.com/basedkarbon,basedkarbon
https://twitter.com/snow949494,snow949494
https://twitter.com/BigDickBull69,BigDickBull69
https://twitter.com/TheFlowHorse,TheFlowHorse
https://twitter.com/DoggoTrades,DoggoTrades
https://twitter.com/Witos89,Witos89
https://twitter.com/liamihorne,liamihorne
https://twitter.com/StanislavDessos,StanislavDessos
https://twitter.com/hentaiavenger66,hentaiavenger66
https://twitter.com/ag_dwf,ag_dwf
https://twitter.com/vinrock_,vinrock_
https://twitter.com/JERamsey1,JERamsey1
https://twitter.com/AnonymiceNFT,AnonymiceNFT
https://twitter.com/WagmiT,WagmiT
https://twitter.com/88mphapp,88mphapp
https://twitter.com/OxGenii,OxGenii
https://twitter.com/Awawat_Trades,Awawat_Trades
https://twitter.com/junkfoodpkroot,junkfoodpkroot
https://twitter.com/dannyonchain,dannyonchain
https://twitter.com/franklinisbored,franklinisbored
https://twitter.com/CozomoMedici,CozomoMedici
https://twitter.com/AlpacaFinance,AlpacaFinance
https://twitter.com/fi_search,fi_search
https://twitter.com/idexio,idexio
https://twitter.com/KeyboardMonkey3,KeyboardMonkey3
https://twitter.com/bc1Plainview,bc1Plainview
https://twitter.com/wormpigorchid,wormpigorchid
https://twitter.com/theblondebroker,theblondebroker
https://twitter.com/Ox9116,Ox9116
https://twitter.com/DefiChad,DefiChad
https://twitter.com/bneiluj,bneiluj
https://twitter.com/aLotOfTheTweets,aLotOfTheTweets
https://twitter.com/SizeChad,SizeChad
https://twitter.com/thecryptoskanda,thecryptoskanda
https://twitter.com/shinigamiXBT,shinigamiXBT
https://twitter.com/mrguy1121,mrguy1121
https://twitter.com/JohnnyXm4s,JohnnyXm4s
https://twitter.com/cz_binance,cz_binance
https://twitter.com/InverseFinance,InverseFinance
https://twitter.com/Stephentwt,Stephentwt
https://twitter.com/CryptoParadyme,CryptoParadyme
https://twitter.com/seiyansnft,seiyansnft
https://twitter.com/dingalingts,dingalingts
https://twitter.com/EVNFT,EVNFT
https://twitter.com/MultifarmFi,MultifarmFi
https://twitter.com/ribbonfinance,ribbonfinance
https://twitter.com/Dark_BTC,Dark_BTC
https://twitter.com/CryptoDonAlt,CryptoDonAlt
https://twitter.com/drboblax,drboblax
https://twitter.com/gigachad_panda,gigachad_panda
https://twitter.com/Impose_eth,Impose_eth
https://twitter.com/conzimp,conzimp
https://twitter.com/alexo382,alexo382
https://twitter.com/xoBeyleesi,xoBeyleesi
https://twitter.com/tadleer,tadleer
https://twitter.com/jacobotoll,jacobotoll
https://twitter.com/hedgedhog7,hedgedhog7
https://twitter.com/shitanalyst_eth,shitanalyst_eth
https://twitter.com/SundayFundayLFG,SundayFundayLFG
https://twitter.com/metatatsu,metatatsu
https://twitter.com/dubl__inc,dubl__inc
https://twitter.com/Arthur_Ox,Arthur_Ox
https://twitter.com/CryptoLimbo_,CryptoLimbo_
https://twitter.com/CJlovescrypto,CJlovescrypto
https://twitter.com/naniXBT,naniXBT
https://twitter.com/notthreadguy,notthreadguy
https://twitter.com/Pugnator69,Pugnator69
https://twitter.com/Barclaymei,Barclaymei
https://twitter.com/DiscountGosling,DiscountGosling
https://twitter.com/t_snark,t_snark
https://twitter.com/GeorgeTitor33,GeorgeTitor33
https://twitter.com/JumpStre3t,JumpStre3t
https://twitter.com/tittyrespecter,tittyrespecter
https://twitter.com/MantaNetwork,MantaNetwork
https://twitter.com/sebsbseb,sebsbseb
https://twitter.com/YUU_AxieLabs,YUU_AxieLabs
https://twitter.com/TTxOx,TTxOx
https://twitter.com/CryptoKaleo,CryptoKaleo
https://twitter.com/juulguycrypto,juulguycrypto
https://twitter.com/Fatalbatross,Fatalbatross
https://twitter.com/RoofHanzo,RoofHanzo
https://twitter.com/Frogtoshi_,Frogtoshi_
https://twitter.com/bankmansneed,bankmansneed
https://twitter.com/sansan001122,sansan001122
https://twitter.com/sobylife,sobylife
https://twitter.com/polkadomain,polkadomain
https://twitter.com/realACrowley,realACrowley
https://twitter.com/lamNomad,lamNomad
https://twitter.com/screentimes,screentimes
https://twitter.com/Peyoteone,Peyoteone
https://twitter.com/OxNBS,OxNBS
https://twitter.com/kamikaz_ETH,kamikaz_ETH
https://twitter.com/Vince_Van_Dough,Vince_Van_Dough
https://twitter.com/cyrii_MM,cyrii_MM
https://twitter.com/cryptoleifeng,cryptoleifeng
https://twitter.com/cobie,cobie
https://twitter.com/22loops,22loops
https://twitter.com/rarity_garden,rarity_garden
https://twitter.com/xbtMilady,xbtMilady
https://twitter.com/blur_io,blur_io
https://twitter.com/MariaTheMachine,MariaTheMachine
https://twitter.com/ProphetXBT,ProphetXBT
https://twitter.com/warpfinance,warpfinance
https://twitter.com/AngeloBTC,AngeloBTC
https://twitter.com/McDonaldsXBT,McDonaldsXBT
https://twitter.com/_zkmike,_zkmike
https://twitter.com/JDerbs3,JDerbs3
https://twitter.com/LilMoon_Lambo,LilMoon_Lambo
https://twitter.com/Jiran_z,Jiran_z
https://twitter.com/OxDegenerate,OxDegenerate
https://twitter.com/donalddumpz96,donalddumpz96
https://twitter.com/CryptoMaestro,CryptoMaestro
https://twitter.com/SigmaCitadel,SigmaCitadel
https://twitter.com/Pancakesbrah,Pancakesbrah
https://twitter.com/nyaxeth,nyaxeth
https://twitter.com/sershokunin,sershokunin
https://twitter.com/grimace85,grimace85
https://twitter.com/MonkeyCharts,MonkeyCharts
https://twitter.com/vecozy,vecozy
https://twitter.com/MacroScope17,MacroScope17
https://twitter.com/cryptobulma,cryptobulma
https://twitter.com/CyBORg_BTC,CyBORg_BTC
https://twitter.com/PaikCapital,PaikCapital
https://twitter.com/mr_travis_rego,mr_travis_rego
https://twitter.com/rivatez,rivatez
https://twitter.com/HordApp,HordApp
https://twitter.com/jlwhoo7,jlwhoo7
https://twitter.com/whalecalls,whalecalls
https://twitter.com/twicrates,twicrates
https://twitter.com/RealAlex Jones,RealAlex Jones
https://twitter.com/bendoverxbt,bendoverxbt
https://twitter.com/fakethoughtsnft,fakethoughtsnft
https://twitter.com/robin_de_baets,robin_de_baets
https://twitter.com/LomahCrypto,LomahCrypto
https://twitter.com/DK3Anon,DK3Anon
https://twitter.com/lowstrife,lowstrife
https://twitter.com/hedgedhog7,hedgedhog7
https://twitter.com/silvarennial,silvarennial
https://twitter.com/YOJIMBO_KING,YOJIMBO_KING
https://twitter.com/palladium,palladium
https://twitter.com/TurntablesTurn,TurntablesTurn
https://twitter.com/_F_red,_F_red
https://twitter.com/MartyTalk,MartyTalk
https://twitter.com/OracleOfEarning,OracleOfEarning
https://twitter.com/naniXBT,naniXBT
https://twitter.com/MindLanguageAl,MindLanguageAl
https://twitter.com/notapornfolder_,notapornfolder_
https://twitter.com/ponzi_maxi,ponzi_maxi
https://twitter.com/Leonardo_of_Biz,Leonardo_of_Biz
https://twitter.com/phuktep,phuktep
https://twitter.com/MyStandard_Adam,MyStandard_Adam
https://twitter.com/giancarloMKTS,giancarloMKTS
https://twitter.com/tittyrespecter,tittyrespecter
https://twitter.com/Teaching_Crypto,Teaching_Crypto
https://twitter.com/collie_crypto,collie_crypto
https://twitter.com/Oxcryptonite,Oxcryptonite
https://twitter.com/MattKressArt,MattKressArt
https://twitter.com/setanimals,setanimals
https://twitter.com/stoicsavage,stoicsavage
https://twitter.com/DonnyCrypto,DonnyCrypto
https://twitter.com/RoofHanzo,RoofHanzo
https://twitter.com/ibunscripted,ibunscripted
https://twitter.com/Imperator_Ox,Imperator_Ox
https://twitter.com/ngnl1049,ngnl1049
https://twitter.com/lphaCentauriKid,lphaCentauriKid
https://twitter.com/mewn21,mewn21
https://twitter.com/ol_smoothie,ol_smoothie
https://twitter.com/whalepool,whalepool
https://twitter.com/screentimes,screentimes
https://twitter.com/darkcity.x,darkcity.x
https://twitter.com/hizenzen,hizenzen
https://twitter.com/Oxaporia,Oxaporia
https://twitter.com/stefan_contiero,stefan_contiero
https://twitter.com/itszore,itszore
https://twitter.com/hodlfi,hodlfi
https://twitter.com/CharlieShrem,CharlieShrem
https://twitter.com/22loops,22loops
https://twitter.com/OxAigentx,OxAigentx
https://twitter.com/batzdu,batzdu
https://twitter.com/Oxrvm,Oxrvm
https://twitter.com/bull_genius,bull_genius
https://twitter.com/arete99,arete99
https://twitter.com/EdgarArout,EdgarArout
https://twitter.com/CryptoLeee,CryptoLeee
https://twitter.com/McDonaldsXBT,McDonaldsXBT
https://twitter.com/paidgroupbt,paidgroupbt
https://twitter.com/bribe,bribe
https://twitter.com/bitbitcrypto,bitbitcrypto
https://twitter.com/phon_ro,phon_ro
https://twitter.com/BryptoBelz,BryptoBelz
https://twitter.com/Crypto_Tech_Fan,Crypto_Tech_Fan
https://twitter.com/ThinkingUSD,ThinkingUSD
https://twitter.com/SigmaCitadel,SigmaCitadel
https://twitter.com/bigbasedban,bigbasedban
https://twitter.com/Degen4living,Degen4living
https://twitter.com/JODYHIGHROLLER,JODYHIGHROLLER
https://twitter.com/DeeZe,DeeZe
https://twitter.com/Flexstate,Flexstate
https://twitter.com/AZELXBT,AZELXBT
https://twitter.com/Coinsensus_,Coinsensus_
https://twitter.com/cryptobulma,cryptobulma
https://twitter.com/level941,level941
https://twitter.com/player1_eth,player1_eth
https://twitter.com/clagri_,clagri_
https://twitter.com/Abu9ala7,Abu9ala7
https://twitter.com/arbitrum,arbitrum
https://twitter.com/RubeRoyce,RubeRoyce
https://twitter.com/CryptoClerk,CryptoClerk
https://twitter.com/twicrates,twicrates
https://twitter.com/amperor,amperor
https://twitter.com/fomo_eth,fomo_eth
https://twitter.com/magicponzitoken,magicponzitoken
https://twitter.com/mevcollector,mevcollector
https://twitter.com/vfato,vfato
https://twitter.com/careless2crows,careless2crows
https://twitter.com/XPN,XPN
https://twitter.com/TABSxProtocol,TABSxProtocol
https://twitter.com/warren_muppets,warren_muppets
https://twitter.com/MintMitama,MintMitama
https://twitter.com/loldefi,loldefi
https://twitter.com/DefiantLs,DefiantLs
https://twitter.com/TimDraper,TimDraper
https://twitter.com/pepemonfinance,pepemonfinance
https://twitter.com/fenbushi,fenbushi
https://twitter.com/admiralbooya,admiralbooya
https://twitter.com/News_Of_Alpha,News_Of_Alpha
https://twitter.com/keenyyszn,keenyyszn
https://twitter.com/apeinomics,apeinomics
https://twitter.com/mjpldn,mjpldn
https://twitter.com/RevenantLabs,RevenantLabs
https://twitter.com/THORChain,THORChain
https://twitter.com/brennasparksxxx,brennasparksxxx
https://twitter.com/xswap_link,xswap_link
https://twitter.com/trading_axe,trading_axe
https://twitter.com/Noticebagz,Noticebagz
https://twitter.com/CosmaCloud,CosmaCloud
https://twitter.com/zachxbt,zachxbt
https://twitter.com/SMtrades_,SMtrades_
https://twitter.com/ThinkingLSD,ThinkingLSD
https://twitter.com/czech_trader_,czech_trader_
https://twitter.com/murtazasats,murtazasats
https://twitter.com/bingooo24,bingooo24
https://twitter.com/SCHIZO_FREQ,SCHIZO_FREQ
https://twitter.com/illigmid,illigmid
https://twitter.com/Worldwide_WEB3,Worldwide_WEB3
https://twitter.com/ssjxbt,ssjxbt
https://twitter.com/HeySamiiLynn,HeySamiiLynn
https://twitter.com/CryptoTrooper_,CryptoTrooper_
https://twitter.com/swissholding,swissholding
https://twitter.com/cryptowhail,cryptowhail
https://twitter.com/KinkyBedBugs,KinkyBedBugs
https://twitter.com/Cryptofung,Cryptofung
https://twitter.com/HEEEEEEEEEEE__,HEEEEEEEEEEE__
https://twitter.com/scupytrooples,scupytrooples
https://twitter.com/x3devships,x3devships
https://twitter.com/YazTrades,YazTrades
https://twitter.com/LyveFinance,LyveFinance
https://twitter.com/DefixJeff,DefixJeff
https://twitter.com/Slugganft,Slugganft
https://twitter.com/Darkfarms1,Darkfarms1
https://twitter.com/CryptoElon,CryptoElon
https://twitter.com/HeadieBTC,HeadieBTC
https://twitter.com/BobLaxative,BobLaxative
https://twitter.com/ICO_Analytics,ICO_Analytics
https://twitter.com/crypto_condom,crypto_condom
https://twitter.com/PyroNFT,PyroNFT
https://twitter.com/badpie0,badpie0
https://twitter.com/robotlovecoffee,robotlovecoffee
https://twitter.com/matt_mamigonian,matt_mamigonian
https://twitter.com/AlamedaTrabucco,AlamedaTrabucco
https://twitter.com/Anders3n,Anders3n
https://twitter.com/100xOrDie,100xOrDie
https://twitter.com/sonicthehedgor,sonicthehedgor
https://twitter.com/OxYol,OxYol
https://twitter.com/Nate_Rivers,Nate_Rivers
https://twitter.com/PepePawnShop,PepePawnShop
https://twitter.com/yueko___,yueko___
https://twitter.com/mcuban,mcuban
https://twitter.com/heavensgatefi,heavensgatefi
https://twitter.com/Merc__Matt,Merc__Matt
https://twitter.com/xbt_capital,xbt_capital
https://twitter.com/leftcurvedsmurf,leftcurvedsmurf
https://twitter.com/szzz_eth,szzz_eth
https://twitter.com/pepe__wtf,pepe__wtf
https://twitter.com/weetardsdao,weetardsdao
https://twitter.com/Ox_kato,Ox_kato
https://twitter.com/GabbasOfficial,GabbasOfficial
https://twitter.com/JNSilva_,JNSilva_
https://twitter.com/BoredElonMusk,BoredElonMusk
https://twitter.com/stock_sats,stock_sats
https://twitter.com/thechandog,thechandog
https://twitter.com/jony_levin,jony_levin
https://twitter.com/insider_cb,insider_cb
https://twitter.com/ChainLinkGod,ChainLinkGod
https://twitter.com/DrutangReborn,DrutangReborn
https://twitter.com/hkredefine,hkredefine
https://twitter.com/tempogrp,tempogrp
https://twitter.com/sybulls,sybulls
https://twitter.com/etherscan,etherscan
https://twitter.com/jnieblock,jnieblock
https://twitter.com/pumpjeet,pumpjeet
https://twitter.com/mochains,mochains
https://twitter.com/ICOffender,ICOffender
https://twitter.com/coinfudge,coinfudge
https://twitter.com/chiefingza,chiefingza
https://twitter.com/ordinalenjoyar,ordinalenjoyar
https://twitter.com/underground,underground
https://twitter.com/smoltaleb,smoltaleb
https://twitter.com/lawmaster,lawmaster
https://twitter.com/degenbrainlet,degenbrainlet
https://twitter.com/UrBuddySab,UrBuddySab
https://twitter.com/SharderChain,SharderChain
https://twitter.com/Stack_Coins,Stack_Coins
https://twitter.com/breakoutprop,breakoutprop
https://twitter.com/kTecNFT,kTecNFT
https://twitter.com/thenftedge,thenftedge
https://twitter.com/Fjvdb7,Fjvdb7
https://twitter.com/OracleHershiser,OracleHershiser
https://twitter.com/bantg,bantg
https://twitter.com/cryptopkek,cryptopkek
https://twitter.com/BefiLabs,BefiLabs
https://twitter.com/grandbase fi,grandbase fi
https://twitter.com/AerialExplorers,AerialExplorers
https://twitter.com/joshmanmode_,joshmanmode_
https://twitter.com/senx_t,senx_t
https://twitter.com/shelbyaaaaa,shelbyaaaaa
https://twitter.com/longvuong22,longvuong22
https://twitter.com/CaptainJPEG,CaptainJPEG
https://twitter.com/bag3Lb0y,bag3Lb0y
https://twitter.com/Adoralnu,Adoralnu
https://twitter.com/Oxfadedface,Oxfadedface
https://twitter.com/NekozTek,NekozTek
https://twitter.com/Amorinconditus,Amorinconditus
https://twitter.com/illustriousPRMR,illustriousPRMR
https://twitter.com/AndreCronjeTech,AndreCronjeTech
https://twitter.com/JWLEGACY,JWLEGACY
https://twitter.com/0xBizonacci,0xBizonacci
https://twitter.com/GhostyCash,GhostyCash
https://twitter.com/MinTechBots,MinTechBots
https://twitter.com/transmissions11,transmissions11
https://twitter.com/DreddCrypto,DreddCrypto
https://twitter.com/ConvexMonster,ConvexMonster
https://twitter.com/eminencefi,eminencefi
https://twitter.com/Pepillionaire,Pepillionaire
https://twitter.com/satoshivm,satoshivm
https://twitter.com/TRC 20 TRXI,TRC 20 TRXI
https://twitter.com/ooheth,ooheth
https://twitter.com/jjohnson5253,jjohnson5253
https://twitter.com/GentlemanLuxxx,GentlemanLuxxx
https://twitter.com/Ox2Nani,Ox2Nani
https://twitter.com/oracleneet,oracleneet
https://twitter.com/CryptoHayes,CryptoHayes
https://twitter.com/cryptoundeads,cryptoundeads
https://twitter.com/BilyBeluga,BilyBeluga
https://twitter.com/OxHatTrixx,OxHatTrixx
https://twitter.com/evan_worlds,evan_worlds
https://twitter.com/ericjuta,ericjuta
https://twitter.com/hype_eth,hype_eth
https://twitter.com/CORE_Vault,CORE_Vault
https://twitter.com/tulips_fm,tulips_fm
https://twitter.com/0xMagellan,0xMagellan
https://twitter.com/ChartFuMonkey,ChartFuMonkey
https://twitter.com/BasqKek,BasqKek
https://twitter.com/_MouseDev,_MouseDev
https://twitter.com/InvictusDAO,InvictusDAO
https://twitter.com/cardinal1337,cardinal1337
https://twitter.com/kujiiii,kujiiii
https://twitter.com/FiatCollapse,FiatCollapse
https://twitter.com/bryptobricks,bryptobricks
https://twitter.com/Oxanonymous22,Oxanonymous22
https://twitter.com/WumboLabs,WumboLabs
https://twitter.com/BeanstalkFarms,BeanstalkFarms
https://twitter.com/jito_labs,jito_labs
https://twitter.com/FantomFDN,FantomFDN
https://twitter.com/scooterxbt,scooterxbt
https://twitter.com/ezbrah_,ezbrah_
https://twitter.com/CookerFlips,CookerFlips
https://twitter.com/Carlos_ROcelote,Carlos_ROcelote
https://twitter.com/ICOffenderll,ICOffenderll
https://twitter.com/poordart,poordart
https://twitter.com/NeptuneNoel_,NeptuneNoel_
https://twitter.com/poolpitako,poolpitako
https://twitter.com/cubantobacco,cubantobacco
https://twitter.com/chatwithcharles,chatwithcharles
https://twitter.com/_Dave__White_,_Dave__White_
https://twitter.com/LarpKingdom,LarpKingdom
https://twitter.com/NorthRockLP,NorthRockLP
https://twitter.com/Noir_Ventures,Noir_Ventures
https://twitter.com/UmamiFinance,UmamiFinance
https://twitter.com/SpookySwap,SpookySwap
https://twitter.com/spacepixel,spacepixel
https://twitter.com/menloone,menloone
https://twitter.com/OxMesmerizing,OxMesmerizing
https://twitter.com/smolgoingbig,smolgoingbig
https://twitter.com/ThisIsNuse,ThisIsNuse
https://twitter.com/Temptranquil,Temptranquil
https://twitter.com/CryptoEthan,CryptoEthan
https://twitter.com/kneepadz,kneepadz
https://twitter.com/SalsaTekila,SalsaTekila
https://twitter.com/NeerajKA,NeerajKA
https://twitter.com/BeatPaloski,BeatPaloski
https://twitter.com/crypto_woopig,crypto_woopig
https://twitter.com/Oxfoobar,Oxfoobar
https://twitter.com/iamarkdev,iamarkdev
https://twitter.com/CHICHIPEKOPEKO,CHICHIPEKOPEKO
https://twitter.com/nansenportfolio,nansenportfolio
https://twitter.com/stoolpresidente,stoolpresidente
https://twitter.com/ActualAdviceBTC,ActualAdviceBTC
https://twitter.com/FluidToken,FluidToken
https://twitter.com/trinitycalla,trinitycalla
https://twitter.com/CryptoGodJohn,CryptoGodJohn
https://twitter.com/PolytrendsAlgo,PolytrendsAlgo
https://twitter.com/lostboyfi,lostboyfi
https://twitter.com/buffalu___,buffalu___
https://twitter.com/CryptoFox69,CryptoFox69
https://twitter.com/bitcoinbella_,bitcoinbella_
https://twitter.com/0xZodd,0xZodd
https://twitter.com/comfortablylong,comfortablylong
https://twitter.com/OxSunNFT,OxSunNFT
https://twitter.com/ashrobingt,ashrobingt
https://twitter.com/decenmaxi,decenmaxi
https://twitter.com/Stanikulechov,Stanikulechov
https://twitter.com/ZeMustard,ZeMustard
https://twitter.com/Pinoynina,Pinoynina
https://twitter.com/cr_zilla,cr_zilla
https://twitter.com/hpms10i,hpms10i
https://twitter.com/pengiuncons,pengiuncons
https://twitter.com/LordBogdanoff,LordBogdanoff
https://twitter.com/eeemz333,eeemz333
https://twitter.com/CL207,CL207
https://twitter.com/BoldTrades_,BoldTrades_
https://twitter.com/PARABOLIT,PARABOLIT
https://twitter.com/insomniahq,insomniahq
https://twitter.com/Vitamul,Vitamul
https://twitter.com/BeVEENFT,BeVEENFT
https://twitter.com/credit88888,credit88888
https://twitter.com/MichaelTant3,MichaelTant3
https://twitter.com/OxBrypto,OxBrypto
https://twitter.com/ACXtrades,ACXtrades
https://twitter.com/RNR_O,RNR_O
https://twitter.com/tyrionfinance,tyrionfinance
https://twitter.com/owen1v9,owen1v9
https://twitter.com/ordstrangersNFT,ordstrangersNFT
https://twitter.com/DripperzCC,DripperzCC
https://twitter.com/taco_eth,taco_eth
https://twitter.com/blockbytescom,blockbytescom
https://twitter.com/53A7713173,53A7713173
https://twitter.com/joshkriger,joshkriger
https://twitter.com/blockrotator,blockrotator
https://twitter.com/AlphaBotCalls,AlphaBotCalls
https://twitter.com/letsgototak,letsgototak
https://twitter.com/takashipom,takashipom
https://twitter.com/TraderNoah,TraderNoah
https://twitter.com/HoneyDAO_,HoneyDAO_
https://twitter.com/KRMA_0,KRMA_0
https://twitter.com/jebus911,jebus911
https://twitter.com/wojak,wojak
https://twitter.com/notbket,notbket
https://twitter.com/RobinDotETH,RobinDotETH
https://twitter.com/OxBackwards,OxBackwards
https://twitter.com/RandomEdgeNFT,RandomEdgeNFT
https://twitter.com/mgnr_io,mgnr_io
https://twitter.com/AlphaBotSystem,AlphaBotSystem
https://twitter.com/thugcrowd,thugcrowd
https://twitter.com/wand_bot,wand_bot
https://twitter.com/keltiv_eth,keltiv_eth
https://twitter.com/chinesefiat,chinesefiat
https://twitter.com/oxmaddoxx,oxmaddoxx
https://twitter.com/AssetBender,AssetBender
https://twitter.com/blknoiz06,blknoiz06
https://twitter.com/sajlegreat,sajlegreat
https://twitter.com/africabytotobot,africabytotobot
https://twitter.com/WappleErc20,WappleErc20
https://twitter.com/Oxwushu,Oxwushu
https://twitter.com/OxDavin,OxDavin
https://twitter.com/Noedel19,Noedel19
https://twitter.com/divineanarchy,divineanarchy
https://twitter.com/RookieXBT,RookieXBT
https://twitter.com/realytcracker,realytcracker
https://twitter.com/notdan,notdan
https://twitter.com/rizzotoo,rizzotoo
https://twitter.com/pedrigavifrenki,pedrigavifrenki
https://twitter.com/zariat,zariat
https://twitter.com/HYTOPIAgg,HYTOPIAgg
https://twitter.com/Krewstudios__,Krewstudios__
https://twitter.com/beeple,beeple
https://twitter.com/john_j_brown,john_j_brown
https://twitter.com/RunBGP,RunBGP
https://twitter.com/wigger,wigger
https://twitter.com/saidseven_,saidseven_
https://twitter.com/statelayer,statelayer
https://twitter.com/Orevenue,Orevenue
https://twitter.com/TheRotatooor,TheRotatooor
https://twitter.com/auntLindaCT,auntLindaCT
https://twitter.com/eatmykarbon,eatmykarbon
https://twitter.com/BiggieBTC,BiggieBTC
https://twitter.com/onetimebb,onetimebb
https://twitter.com/OxNoFacex0,OxNoFacex0
https://twitter.com/ZoomerOracle,ZoomerOracle
https://twitter.com/SmallCapScience,SmallCapScience
https://twitter.com/EnsSales,EnsSales
https://twitter.com/asynctomatic,asynctomatic
https://twitter.com/majinsayang,majinsayang
https://twitter.com/GasTrading,GasTrading
https://twitter.com/cryptosiem,cryptosiem
https://twitter.com/LatticaNetwork,LatticaNetwork
https://twitter.com/lordnarfz0g,lordnarfz0g
https://twitter.com/BakiXBT,BakiXBT
https://twitter.com/Kinrezc,Kinrezc
https://twitter.com/redxbt,redxbt
https://twitter.com/spectatorindex,spectatorindex
https://twitter.com/realDonaldTrump,realDonaldTrump
https://twitter.com/Glug69420,Glug69420
https://twitter.com/functiOnZero,functiOnZero
https://twitter.com/CryptoGarga,CryptoGarga
https://twitter.com/neworderDAO,neworderDAO
https://twitter.com/JordiMollaArt,JordiMollaArt
https://twitter.com/ike50x,ike50x
https://twitter.com/lex_node,lex_node
https://twitter.com/kanyewest,kanyewest
https://twitter.com/shill_ivey,shill_ivey
https://twitter.com/NewsyJohnson,NewsyJohnson
https://twitter.com/Ox534154,Ox534154
https://twitter.com/happiiidaze,happiiidaze
https://twitter.com/chainvisions,chainvisions
https://twitter.com/pepelangelo,pepelangelo
https://twitter.com/Cryptopathic,Cryptopathic
https://twitter.com/Sonicbob,Sonicbob
https://twitter.com/frenlend,frenlend
https://twitter.com/APEricsson,APEricsson
https://twitter.com/thatsrafi,thatsrafi
https://twitter.com/jaedynsocal,jaedynsocal
https://twitter.com/beluga_fi,beluga_fi
https://twitter.com/ratwellOx,ratwellOx
https://twitter.com/trader_herman,trader_herman
https://twitter.com/JoeNeatel,JoeNeatel
https://twitter.com/ayopoops,ayopoops
https://twitter.com/AzFlin,AzFlin
https://twitter.com/KeyboardBMonkey,KeyboardBMonkey
https://twitter.com/neon___glow,neon___glow
https://twitter.com/CamesJomey,CamesJomey
https://twitter.com/cryptoaladeen,cryptoaladeen
https://twitter.com/inversebrah,inversebrah
https://twitter.com/loomdart,loomdart
https://twitter.com/RetardedATH,RetardedATH
https://twitter.com/defidami,defidami
https://twitter.com/Giga_Chad_Pepe,Giga_Chad_Pepe
https://twitter.com/SpectreCrypto,SpectreCrypto
https://twitter.com/NoKapRich,NoKapRich
https://twitter.com/ponderware,ponderware
https://twitter.com/asegpi,asegpi
https://twitter.com/Cryptanzee,Cryptanzee
https://twitter.com/TheRollerGame,TheRollerGame
https://twitter.com/Oppen69,Oppen69
https://twitter.com/OxLeopardi,OxLeopardi
https://twitter.com/Pollo2x,Pollo2x
https://twitter.com/fishxbt,fishxbt
https://twitter.com/Tetranode,Tetranode
https://twitter.com/levi_alterman,levi_alterman
https://twitter.com/VentureCoinist,VentureCoinist
https://twitter.com/vegsurfer,vegsurfer
https://twitter.com/based16z,based16z
https://twitter.com/ScrillaVentura,ScrillaVentura
https://twitter.com/Ape1683,Ape1683
https://twitter.com/JosephTodaro_,JosephTodaro_
https://twitter.com/crypto888crypto,crypto888crypto
https://twitter.com/azidynamics,azidynamics
https://twitter.com/joerogan,joerogan
https:/ //twitter.com/JustAG07,https:/ //twitter.com/JustAG07
https://twitter.com/jimmyash95,jimmyash95
https://twitter.com/OxWittgenstein,OxWittgenstein
https://twitter.com/doomlabs_io,doomlabs_io
https://twitter.com/Oxbagelface,Oxbagelface
https://twitter.com/CryptoWarlordd,CryptoWarlordd
https://twitter.com/100xMane,100xMane
https://twitter.com/Shillexed,Shillexed
https://twitter.com/ChadIndex,ChadIndex
https://twitter.com/Forgiving15,Forgiving15
https://twitter.com/jimtalbot,jimtalbot
https://twitter.com/trading_vapor,trading_vapor
https://twitter.com/ohDotss,ohDotss
https://twitter.com/buyerofponzi,buyerofponzi
https://twitter.com/Jimmyjude13,Jimmyjude13
https://twitter.com/WhalePanda,WhalePanda
https://twitter.com/OxKoz,OxKoz
https://twitter.com/OxNorya,OxNorya
https://twitter.com/Ness_Graphics,Ness_Graphics
https://twitter.com/INnovatorishere,INnovatorishere
https://twitter.com/beethoven_x,beethoven_x
https://twitter.com/ape_tax,ape_tax
https://twitter.com/pokkst,pokkst
https://twitter.com/fluffypony,fluffypony
https://twitter.com/BasedShillBH,BasedShillBH
https://twitter.com/Traderkoz,Traderkoz
https://twitter.com/Bmemelord2020,Bmemelord2020
https://twitter.com/artschOOlreject,artschOOlreject
https://twitter.com/mitchellfchan,mitchellfchan
https://twitter.com/arbingsam,arbingsam
https://twitter.com/stevekavdc,stevekavdc
https://twitter.com/CryptoCaptObvi,CryptoCaptObvi
https://twitter.com/doomsdart,doomsdart
https://twitter.com/bryptokenneth3,bryptokenneth3
https://twitter.com/adamscochran,adamscochran
https://twitter.com/fightmeplebs,fightmeplebs
https://twitter.com/chainlinkers,chainlinkers
https://twitter.com/_anishagnihotri,_anishagnihotri
https://twitter.com/Amdtrades,Amdtrades
https://twitter.com/wasserpest,wasserpest
https://twitter.com/0xLawliette,0xLawliette
https://twitter.com/hermitcraberc,hermitcraberc
https://twitter.com/RealRossU,RealRossU
https://twitter.com/taggaOyl,taggaOyl
https://twitter.com/Darrenlautf,Darrenlautf
https://twitter.com/jordanfish,jordanfish
https://twitter.com/Decentralizd,Decentralizd
https://twitter.com/barneytheboi,barneytheboi
https://twitter.com/redactcapital,redactcapital
https://twitter.com/punk808_,punk808_
https://twitter.com/trendybaba_,trendybaba_
https://twitter.com/Cryptoholic_Ape,Cryptoholic_Ape
https://twitter.com/CoffinFinance,CoffinFinance
https://twitter.com/PaniniCrypto,PaniniCrypto
https://twitter.com/trader1sz,trader1sz
https://twitter.com/carlostorresart,carlostorresart
https://twitter.com/solkekw,solkekw
https://twitter.com/tubgirlcoin,tubgirlcoin
https://twitter.com/OxNosedrop,OxNosedrop
https://twitter.com/SheepyAustin,SheepyAustin
https://twitter.com/templedao,templedao
https://twitter.com/Gigimp1,Gigimp1
https://twitter.com/Noobgettinrich,Noobgettinrich
https://twitter.com/CryptoQuantalys,CryptoQuantalys
https://twitter.com/NeftWorld,NeftWorld
https://twitter.com/MagicpOnziToken,MagicpOnziToken
https://twitter.com/delete_shitcoin,delete_shitcoin
https://twitter.com/crypto_kfx,crypto_kfx
https://twitter.com/gainzy222,gainzy222
https://twitter.com/dirtypressies,dirtypressies
https://twitter.com/TheCryptoMask,TheCryptoMask
https://twitter.com/MScheze,MScheze
https://twitter.com/jito_sol,jito_sol
https://twitter.com/TraderSumO,TraderSumO
https://twitter.com/sahilphadnis4,sahilphadnis4
https://twitter.com/hypemanchan,hypemanchan
https://twitter.com/rambino,rambino
https://twitter.com/binance,binance
https://twitter.com/chrisdelia,chrisdelia
https://twitter.com/SymbiosesSA,SymbiosesSA
https://twitter.com/Blast_L2,Blast_L2
https://twitter.com/robw0Ods,robw0Ods
https://twitter.com/wizardofsoho,wizardofsoho
https://twitter.com/coleOx,coleOx
https://twitter.com/OxAlan_,OxAlan_
https://twitter.com/lightcrypto,lightcrypto
https://twitter.com/CryptoZyzz,CryptoZyzz
https://twitter.com/WhitGibbs,WhitGibbs
https://twitter.com/BitcoinFrogs,BitcoinFrogs
https://twitter.com/joshnomics,joshnomics
https://twitter.com/iamabsinthe,iamabsinthe
https://twitter.com/carolinecapital,carolinecapital
https://twitter.com/ProjectPatHcp,ProjectPatHcp
https://twitter.com/dvncidao,dvncidao
https://twitter.com/woofBIGDAWG,woofBIGDAWG
https://twitter.com/notsofast,notsofast
https://twitter.com/smartestmoney_,smartestmoney_
https://twitter.com/ExitLiqCapital,ExitLiqCapital
https://twitter.com/aaronbaii,aaronbaii
https://twitter.com/TradePod,TradePod
https://twitter.com/Kenzieboukis,Kenzieboukis
https://twitter.com/Wault_Finance,Wault_Finance
https://twitter.com/Snowden,Snowden
https://twitter.com/fillbeforeshill,fillbeforeshill
https://twitter.com/Ox3mp1r3,Ox3mp1r3
https://twitter.com/iDr3amEU,iDr3amEU
https://twitter.com/TK_laity,TK_laity
https://twitter.com/sizedart,sizedart
https://twitter.com/raini_coin,raini_coin
https://twitter.com/LukeLombe,LukeLombe
https://twitter.com/Glimmerycoin,Glimmerycoin
https://twitter.com/leggotrades,leggotrades
https://twitter.com/Ox_Leo_,Ox_Leo_
https://twitter.com/HivemindUAE,HivemindUAE
https://twitter.com/dumbgayretard,dumbgayretard
https://twitter.com/Oxari420,Oxari420
https://twitter.com/OxUnihaxOr,OxUnihaxOr
https://twitter.com/Shizcrey,Shizcrey
https://twitter.com/depression2019,depression2019
https://twitter.com/BTC_JackSparrow,BTC_JackSparrow
https://twitter.com/Estebanjanitor,Estebanjanitor
https://twitter.com/MikeBurgersburg,MikeBurgersburg
https://twitter.com/dumbgayweetards,dumbgayweetards
https://twitter.com/DonnaRedel,DonnaRedel
https://twitter.com/justinsuntron,justinsuntron
https://twitter.com/madebyanimus,madebyanimus
https://twitter.com/TheCryptoPope,TheCryptoPope
https://twitter.com/arbee101,arbee101
https://twitter.com/CryptoTHFC,CryptoTHFC
https://twitter.com/QuotableCrypto,QuotableCrypto
https://twitter.com/probablyalabel,probablyalabel
https://twitter.com/woutercross,woutercross
https://twitter.com/RickCrosschain,RickCrosschain
https://twitter.com/Oxmons,Oxmons
https://twitter.com/embeeteecee,embeeteecee
https://twitter.com/BitClave,BitClave
https://twitter.com/ZKpdgSmith62D9,ZKpdgSmith62D9
https://twitter.com/flipdrago,flipdrago
https://twitter.com/redactedweb3,redactedweb3
https://twitter.com/nosleepjon,nosleepjon
https://twitter.com/FastFoodPunks,FastFoodPunks
https://twitter.com/SpiderCryptoOx,SpiderCryptoOx
https://twitter.com/aivainvesting,aivainvesting
https://twitter.com/STKtoken,STKtoken
https://twitter.com/Termherputor,Termherputor
https://twitter.com/Rager,Rager
https://twitter.com/LostRealmsXYZ,LostRealmsXYZ
https://twitter.com/PastelWorldx,PastelWorldx
https://twitter.com/OxSisyphus,OxSisyphus
https://twitter.com/rarestonecap,rarestonecap
https://twitter.com/Spoof_LTD,Spoof_LTD
https://twitter.com/CryptoHornHairs,CryptoHornHairs
https://twitter.com/gayshamanx,gayshamanx
https://twitter.com/Crypto_McKenna,Crypto_McKenna
https://twitter.com/Chubbicorn219,Chubbicorn219
https://twitter.com/easydemons_club,easydemons_club
https://twitter.com/JRegardless,JRegardless
https://twitter.com/RektSconey,RektSconey
https://twitter.com/elonmusk,elonmusk
https://twitter.com/CryptolnsiderX,CryptolnsiderX
https://twitter.com/gamblerdoteth,gamblerdoteth
https://twitter.com/BowTiedDevil,BowTiedDevil
https://twitter.com/TRUMP24MAXI,TRUMP24MAXI
https://twitter.com/wilburforce_,wilburforce_
https://twitter.com/EsotericLarper,EsotericLarper
https://twitter.com/segfaultdoctor,segfaultdoctor
https://twitter.com/VeronicaLaVery,VeronicaLaVery
https://twitter.com/MozikMoz,MozikMoz
https://twitter.com/gaywarlock,gaywarlock
https://twitter.com/punk4762,punk4762
https://twitter.com/LanaLabz,LanaLabz
https://twitter.com/OGDfarmer,OGDfarmer
https://twitter.com/Cryptik1E,Cryptik1E
https://twitter.com/juliankoh,juliankoh
https://twitter.com/CryptoLude,CryptoLude
https://twitter.com/CryptoDale,CryptoDale
https://twitter.com/ryanrrs,ryanrrs
https://twitter.com/oldplzz,oldplzz
https://twitter.com/Zeneca,Zeneca
https://twitter.com/CryptoFoxxy,CryptoFoxxy
https://twitter.com/shroom_daddy,shroom_daddy
https://twitter.com/mrjasonchoi,mrjasonchoi
https://twitter.com/TitaniaMcGrath,TitaniaMcGrath
https://twitter.com/IAmTheBearish,IAmTheBearish
https://twitter.com/Musclecoin1,Musclecoin1
https://twitter.com/MajinBobo0x,MajinBobo0x
https://twitter.com/frank__frank_,frank__frank_
https://twitter.com/bshee1102,bshee1102
https://twitter.com/BGAN1072,BGAN1072
https://twitter.com/OxWangarian,OxWangarian
https://twitter.com/George1Trader,George1Trader
https://twitter.com/CryptoSays,CryptoSays
https://twitter.com/IHunt100xGems,IHunt100xGems
https://twitter.com/Cryptochristo87,Cryptochristo87
https://twitter.com/vers_laLune,vers_laLune
https://twitter.com/AltcoinVentures,AltcoinVentures
https://twitter.com/redactedpain,redactedpain
https://twitter.com/redphonecrypto,redphonecrypto
https://twitter.com/chupakabrahj,chupakabrahj
https://twitter.com/BeavisStephen,BeavisStephen
https://twitter.com/J777Crypto,J777Crypto
https://twitter.com/Ncryption,Ncryption
https://twitter.com/0xTheLastDance,0xTheLastDance
https://twitter.com/jayg_eth,jayg_eth
https://twitter.com/simpelyfe,simpelyfe
https://twitter.com/TheRoaringKitty,TheRoaringKitty
https://twitter.com/100XKOBE,100XKOBE
https://twitter.com/GolfViews18,GolfViews18
https://twitter.com/Brentsketit,Brentsketit
https://twitter.com/big939793,big939793
https://twitter.com/PoloFinance,PoloFinance
https://twitter.com/OxReddington,OxReddington
https://twitter.com/edgar_eth,edgar_eth
https://twitter.com/WSBgod,WSBgod
https://twitter.com/mooseXBT,mooseXBT
https://twitter.com/PathCrypto,PathCrypto
https://twitter.com/cheatcoiner,cheatcoiner
https://twitter.com/AyeHillETH,AyeHillETH
https://twitter.com/Oxz80,Oxz80
https://twitter.com/cptn3mox,cptn3mox
https://twitter.com/_trente_,_trente_
https://twitter.com/ParikPatelCFA,ParikPatelCFA
https://twitter.com/iH8FakeTits,iH8FakeTits
https://twitter.com/BitcoinBirch,BitcoinBirch
https://twitter.com/maythous,maythous
https://twitter.com/circumsizechad,circumsizechad
https://twitter.com/JpegViceroy,JpegViceroy
https://twitter.com/ghostlyghosts,ghostlyghosts
https://twitter.com/unusual_whales,unusual_whales
https://twitter.com/WSBChairman,WSBChairman
https://twitter.com/henrysResearch,henrysResearch
https://twitter.com/CavemanDhirk,CavemanDhirk
https://twitter.com/DegenOccultist,DegenOccultist
https://twitter.com/speculatooor,speculatooor
https://twitter.com/matthuang,matthuang
https://twitter.com/pythianism,pythianism
https://twitter.com/DoaneJameson,DoaneJameson
https://twitter.com/kerneltrader,kerneltrader
https://twitter.com/jeffthedunker,jeffthedunker
https://twitter.com/koreanjewcrypto,koreanjewcrypto
https://twitter.com/martingaler_eth,martingaler_eth
https://twitter.com/bulltrapper0,bulltrapper0
https://twitter.com/financenewsguy,financenewsguy
https://twitter.com/ethlizards,ethlizards
https://twitter.com/les_bogdanoff,les_bogdanoff
https://twitter.com/OxEeyore,OxEeyore
https://twitter.com/muhdecentralize,muhdecentralize
https://twitter.com/zhusu,zhusu
https://twitter.com/leeroyscoin,leeroyscoin
https://twitter.com/buttr_my_toast,buttr_my_toast
https://twitter.com/izebel_eth,izebel_eth
https://twitter.com/KanpaiPandas,KanpaiPandas
https://twitter.com/bitcoinPalmer,bitcoinPalmer
https://twitter.com/ndxfi,ndxfi
https://twitter.com/PostOnlyLosses,PostOnlyLosses
https://twitter.com/Concept211,Concept211
https://twitter.com/notEezzy,notEezzy
https://twitter.com/R89Capital,R89Capital
https://twitter.com/CoinGurruu,CoinGurruu
https://twitter.com/BabyPicassoo,BabyPicassoo
https://twitter.com/HuhaoNFT,HuhaoNFT
https://twitter.com/degensWILIN,degensWILIN
https://twitter.com/buybtcbailey,buybtcbailey
https://twitter.com/BigBetaSensei,BigBetaSensei
https://twitter.com/TaxFarmerDavid,TaxFarmerDavid
https://twitter.com/egirl_capital,egirl_capital
https://twitter.com/Daimon444,Daimon444
https://twitter.com/PepenardoStudio,PepenardoStudio
https://twitter.com/AndrewTrackzy,AndrewTrackzy
https://twitter.com/_Man_WithNoName,_Man_WithNoName
https://twitter.com/LucidsAlgo,LucidsAlgo
https://twitter.com/jawnbear,jawnbear
https://twitter.com/SyndicateCore,SyndicateCore
https://twitter.com/Mothalamp,Mothalamp
https://twitter.com/BenbaLamb,BenbaLamb
https://twitter.com/Oxgodking,Oxgodking
https://twitter.com/the_vogu,the_vogu
https://twitter.com/deomaius,deomaius
https://twitter.com/Bl4ackOut,Bl4ackOut
https://twitter.com/tradeboicarti16,tradeboicarti16
https://twitter.com/Oxtuba,Oxtuba
https://twitter.com/crymeaCOIN,crymeaCOIN
https://twitter.com/KinglyKodiak,KinglyKodiak
https://twitter.com/LordJamieVShiLL,LordJamieVShiLL
https://twitter.com/block_ecologist,block_ecologist
https://twitter.com/cryptojobsdaily,cryptojobsdaily
https://twitter.com/highofUSD,highofUSD
https://twitter.com/peterxinping,peterxinping
https://twitter.com/kekeceth,kekeceth
https://twitter.com/thejungool,thejungool
https://twitter.com/FloatiesPool,FloatiesPool
https://twitter.com/ParisianForge,ParisianForge
https://twitter.com/delilandnews,delilandnews
https://twitter.com/d1llOnk,d1llOnk
https://twitter.com/bisbrah,bisbrah
https://twitter.com/paoloardoino,paoloardoino
https://twitter.com/lemondontfloss,lemondontfloss
https://twitter.com/BananaGunBot,BananaGunBot
https://twitter.com/OxWave,OxWave
https://twitter.com/ianjgipe,ianjgipe
https://twitter.com/Gempoolresearch,Gempoolresearch
https://twitter.com/Woopitycone,Woopitycone
https://twitter.com/DoveyWan,DoveyWan
https://twitter.com/Captain_Kole1,Captain_Kole1
https://twitter.com/UtilityUseless,UtilityUseless
https://twitter.com/website,website
https://twitter.com/szferguson,szferguson
https://twitter.com/ledgerstatus,ledgerstatus
https://twitter.com/theliquidcanvas,theliquidcanvas
https://twitter.com/mollyandalpha,mollyandalpha
https://twitter.com/OhYouBlockhead,OhYouBlockhead
https://twitter.com/BaselIsmail,BaselIsmail
https://twitter.com/ManaMoonNFT,ManaMoonNFT
https://twitter.com/USDC_CHAD,USDC_CHAD
https://twitter.com/GordonGoner,GordonGoner
https://twitter.com/PrimordialAA,PrimordialAA
https://twitter.com/LeroyJenkinsW,LeroyJenkinsW
https://twitter.com/Omllwntrmt3,Omllwntrmt3
https://twitter.com/SBF_FTX,SBF_FTX
https://twitter.com/TheBootMex,TheBootMex
https://twitter.com/psyopcop,psyopcop
https://twitter.com/ElZamani19,ElZamani19
https://twitter.com/The_Bogfather,The_Bogfather
https://twitter.com/LooksRare,LooksRare
https://twitter.com/tradeflujo,tradeflujo
https://twitter.com/GrinchTrades,GrinchTrades
https://twitter.com/lilfishace,lilfishace
https://twitter.com/Tradermayne,Tradermayne
https://twitter.com/quamfywhale,quamfywhale
https://twitter.com/SeerPlatform,SeerPlatform
https://twitter.com/pepeguykek,pepeguykek
https://twitter.com/openseapro,openseapro
https://twitter.com/VitalikButerin,VitalikButerin
https://twitter.com/tarunchitra,tarunchitra
https://twitter.com/cryptomoon,cryptomoon
https://twitter.com/NyuuRoe,NyuuRoe
https://twitter.com/LydianCoin2700,LydianCoin2700
https://twitter.com/veryrekt,veryrekt
https://twitter.com/parsec_finance,parsec_finance
https://twitter.com/tomkysar,tomkysar
https://twitter.com/btc_jenn,btc_jenn
https://twitter.com/RainesAndShine,RainesAndShine
https://twitter.com/BXRekt,BXRekt
https://twitter.com/Crypto_Core,Crypto_Core
https://twitter.com/AlphaOrRugs,AlphaOrRugs
https://twitter.com/worstcontrarian,worstcontrarian
https://twitter.com/OxFranzKafka,OxFranzKafka
https://twitter.com/samczsun,samczsun
https://twitter.com/OxDaes,OxDaes
https://twitter.com/bijan_sha,bijan_sha
https://twitter.com/robmanly,robmanly
https://twitter.com/jdorman81,jdorman81
https://twitter.com/lootbot_xyz,lootbot_xyz
https://twitter.com/Gweierc,Gweierc
https://twitter.com/gr3p_,gr3p_
https://twitter.com/OxMaki,OxMaki
https://twitter.com/aloecapital,aloecapital
https://twitter.com/itsjoonkim,itsjoonkim
https://twitter.com/JoeSquawk,JoeSquawk
https://twitter.com/Crypto_Boy1,Crypto_Boy1
https://twitter.com/RektCaprisun,RektCaprisun
https://twitter.com/corleonefnf,corleonefnf
https://twitter.com/BillyBobBaghold,BillyBobBaghold
https://twitter.com/coinmaverick,coinmaverick
https://twitter.com/ShadeCash_,ShadeCash_
https://twitter.com/bkase_,bkase_
https://twitter.com/SquawkCNBC,SquawkCNBC
https://twitter.com/officialmcafee,officialmcafee
https://twitter.com/z00m3rf13d,z00m3rf13d
https://twitter.com/OxWagieBot,OxWagieBot
https://twitter.com/magnetmoneyshow,magnetmoneyshow
https://twitter.com/baeonchain,baeonchain
https://twitter.com/Pool2Paulie,Pool2Paulie
https://twitter.com/etekis,etekis
https://twitter.com/itsahedge,itsahedge
https://twitter.com/StopAndDecrypt,StopAndDecrypt
https://twitter.com/john_c_palmer,john_c_palmer
https://twitter.com/Luna2ERC,Luna2ERC
https://twitter.com/3gmdev,3gmdev
https://twitter.com/capitalgrug,capitalgrug
https://twitter.com/i_am_a_momo,i_am_a_momo
https://twitter.com/izmeckler,izmeckler
https://twitter.com/symm_temp,symm_temp
https://twitter.com/bestofnextdoor,bestofnextdoor
https://twitter.com/SwanDev,SwanDev
https://twitter.com/OxS3B,OxS3B
https://twitter.com/Oxmakoto,Oxmakoto
https://twitter.com/fomosaurus,fomosaurus
https://twitter.com/OxShual,OxShual
https://twitter.com/evanashapiro,evanashapiro
https://twitter.com/burn_the_state,burn_the_state
https://twitter.com/zKryrx,zKryrx
https://twitter.com/monedaspuntocom,monedaspuntocom
https://twitter.com/CryptoDeere,CryptoDeere
https://twitter.com/GearboxProtocol,GearboxProtocol
https://twitter.com/mraccoonft,mraccoonft
https://twitter.com/GGannng,GGannng
https://twitter.com/Sol_omo_n,Sol_omo_n
https://twitter.com/obey_fx,obey_fx
https://twitter.com/CryptoCred,CryptoCred
https://twitter.com/hellojintao,hellojintao
https://twitter.com/PezRadar,PezRadar
https://twitter.com/ErikVoorhees,ErikVoorhees
https://twitter.com/everdotxyz,everdotxyz
https://twitter.com/GooeyXBT,GooeyXBT
https://twitter.com/marsXRobertson,marsXRobertson
https://twitter.com/michaeljburry,michaeljburry
https://twitter.com/HydeNS33k,HydeNS33k
https://twitter.com/ShotoXBT,ShotoXBT
https://twitter.com/NeOneth,NeOneth
https://twitter.com/GOPMajorityWhip,GOPMajorityWhip
https://twitter.com/OxNevermind,OxNevermind
https://twitter.com/Only_Farms,Only_Farms
https://twitter.com/kaiynne,kaiynne
https://twitter.com/purchasable,purchasable
https://twitter.com/IIMikezll,IIMikezll
https://twitter.com/frogcap_,frogcap_
https://twitter.com/xcurveth,xcurveth
https://twitter.com/AC426_,AC426_
https://twitter.com/Loopifyyy,Loopifyyy
https://twitter.com/ObadiaAlex,ObadiaAlex
https://twitter.com/DastardlyDaniel,DastardlyDaniel
https://twitter.com/Sicarious_,Sicarious_
https://twitter.com/vanillaice,vanillaice
https://twitter.com/zion_sensei,zion_sensei
https://twitter.com/Reethmos,Reethmos
https://twitter.com/resolutemex,resolutemex
https://twitter.com/dcfgod,dcfgod
https://twitter.com/mevintern,mevintern
https://twitter.com/DisenPepe,DisenPepe
https://twitter.com/thetaseek,thetaseek
https://twitter.com/Hacker_R_US,Hacker_R_US
https://twitter.com/1_a_ron,1_a_ron
https://twitter.com/cryptoezu,cryptoezu
https://twitter.com/Cobratate,Cobratate
https://twitter.com/defikhalil,defikhalil
https://twitter.com/bitdeep_oficial,bitdeep_oficial
https://twitter.com/dotta,dotta
https://twitter.com/CryptoCharles____,CryptoCharles____
https://twitter.com/ItsNux,ItsNux
https://twitter.com/DakCrypto,DakCrypto
https://twitter.com/TeamUnibot,TeamUnibot
https://twitter.com/America44698565,America44698565
https://twitter.com/LivesOfAsuna,LivesOfAsuna
https://twitter.com/rare_derek,rare_derek
https://twitter.com/Popeyethesailor,Popeyethesailor
https://twitter.com/MelindaDeslatte,MelindaDeslatte
https://twitter.com/le_keksec,le_keksec
https://twitter.com/OxMoon1185,OxMoon1185
https://twitter.com/ek_onlyfansclub,ek_onlyfansclub
https://twitter.com/BarryFried1,BarryFried1
https://twitter.com/duke_rick1,duke_rick1
https://twitter.com/ZoyaHighVibe,ZoyaHighVibe
https://twitter.com/claberus,claberus
https://twitter.com/Chad_Hominem_,Chad_Hominem_
https://twitter.com/flock0o,flock0o
https://twitter.com/Oxjune_,Oxjune_
https://twitter.com/Derivatives_Ape,Derivatives_Ape
https://twitter.com/boobapill,boobapill
https://twitter.com/dogoshii,dogoshii
https://twitter.com/PolyrollOrg,PolyrollOrg
https://twitter.com/kelozar,kelozar
https://twitter.com/SmokeyHosoda,SmokeyHosoda
https://twitter.com/AltcoinPsycho,AltcoinPsycho
https://twitter.com/DegenCT,DegenCT
https://twitter.com/404flipped,404flipped
https://twitter.com/feedgenie,feedgenie
https://twitter.com/Cringe,Cringe
https://twitter.com/sidshekhar24,sidshekhar24
https://twitter.com/wess2kak,wess2kak
https://twitter.com/Kasperbit,Kasperbit
https://twitter.com/SerendipityXBT,SerendipityXBT
https://twitter.com/ShurikenTrade,ShurikenTrade
https://twitter.com/OXLTR,OXLTR
https://twitter.com/soldthebottom,soldthebottom
https://twitter.com/tier10k,tier10k
https://twitter.com/JoltyXBT,JoltyXBT
https://twitter.com/mehranhydary,mehranhydary
https://twitter.com/ColdBloodShill,ColdBloodShill
https://twitter.com/hackermaderas,hackermaderas
https://twitter.com/DefiSquared,DefiSquared
https://twitter.com/ZeroXSaitama,ZeroXSaitama
https://twitter.com/rxrunitback,rxrunitback
https://twitter.com/DeFifrog1,DeFifrog1
https://twitter.com/hugh_flood,hugh_flood
https://twitter.com/boredGenius,boredGenius
https://twitter.com/HackermanAce,HackermanAce
https://twitter.com/RENGA_inc,RENGA_inc
https://twitter.com/cyb3rk1dx,cyb3rk1dx
https://twitter.com/wsbmod,wsbmod
https://twitter.com/UtopiaAvatars,UtopiaAvatars
https://twitter.com/GiganticRebirth,GiganticRebirth
https://twitter.com/lemontreessss,lemontreessss
https://twitter.com/CryptoCX1,CryptoCX1
https://twitter.com/VisionCodex,VisionCodex
https://twitter.com/monero,monero
https://twitter.com/looter_ai,looter_ai
https://twitter.com/cryptunez,cryptunez
https://twitter.com/CryptoChainer,CryptoChainer
https://twitter.com/monkedegen,monkedegen
https://twitter.com/ckksec,ckksec
https://twitter.com/Ox_b1,Ox_b1
https://twitter.com/EpsilonTheory,EpsilonTheory
https://twitter.com/marginsmall,marginsmall
https://twitter.com/boogeweee,boogeweee
https://twitter.com/FlurETH,FlurETH
https://twitter.com/xbtGBH,xbtGBH
https://twitter.com/GCRClassic,GCRClassic
https://twitter.com/JohnnyC__,JohnnyC__
https://twitter.com/QFinanceDefi,QFinanceDefi
https://twitter.com/KeatonPatti,KeatonPatti
https://twitter.com/masoncags,masoncags
https://twitter.com/ru_bots_,ru_bots_
https://twitter.com/MuskPepe,MuskPepe
https://twitter.com/gabrielleydon,gabrielleydon
https://twitter.com/unclesendit,unclesendit
https://twitter.com/deanrey3,deanrey3
https://twitter.com/NourHaridy,NourHaridy
https://twitter.com/hyuktrades,hyuktrades
https://twitter.com/satofishi,satofishi
https://twitter.com/sweet__deedee,sweet__deedee
https://twitter.com/feindura,feindura
https://twitter.com/OxMikeThree,OxMikeThree
https://twitter.com/JeezySt,JeezySt
https://twitter.com/CroissantEth,CroissantEth
https://twitter.com/HighStakesCap,HighStakesCap
https://twitter.com/ambergroup_io,ambergroup_io
https://twitter.com/macrocephalopod,macrocephalopod
https://twitter.com/OxSparty,OxSparty
https://twitter.com/zackvoell,zackvoell
https://twitter.com/Burner_Lab,Burner_Lab
https://twitter.com/bobtherebuilt,bobtherebuilt
https://twitter.com/BetaGaiden,BetaGaiden
https://twitter.com/HighStakesFarm,HighStakesFarm
https://twitter.com/Vindog56,Vindog56
https://twitter.com/risingsen3,risingsen3
https://twitter.com/TN90803803,TN90803803
https://twitter.com/joselineOx,joselineOx
https://twitter.com/BustedStops,BustedStops
https://twitter.com/DrFresch,DrFresch
https://twitter.com/CryptoNRedneck,CryptoNRedneck
https://twitter.com/Rewkang,Rewkang
https://twitter.com/bitcoin_bayc,bitcoin_bayc
https://twitter.com/liifesaver1,liifesaver1
https://twitter.com/copie_eth,copie_eth
https://twitter.com/RichardHeartWin,RichardHeartWin
https://twitter.com/anondeguerre,anondeguerre
https://twitter.com/DavyJonesFi,DavyJonesFi
https://twitter.com/ndelbro,ndelbro
https://twitter.com/finesseboi,finesseboi
https://twitter.com/HsakaTrades,HsakaTrades
https://twitter.com/Moonwalk,Moonwalk
https://twitter.com/MikeyBeeee_,MikeyBeeee_
https://twitter.com/who_anon_,who_anon_
https://twitter.com/maskworldx,maskworldx
https://twitter.com/DarkwebShaman,DarkwebShaman
https://twitter.com/chelsssseeeea,chelsssseeeea
https://twitter.com/lululuu1108,lululuu1108
https://twitter.com/AWice,AWice
https://twitter.com/TraderSumoAlt,TraderSumoAlt
https://twitter.com/ADNFT4444,ADNFT4444
https://twitter.com/13yroldwithcc,13yroldwithcc
https://twitter.com/FarmerBrownDeFi,FarmerBrownDeFi
https://twitter.com/johanXBT,johanXBT
https://twitter.com/gibbonofbinance,gibbonofbinance
https://twitter.com/permabearXBT,permabearXBT
https://twitter.com/INVESTMENTSHULK,INVESTMENTSHULK
https://twitter.com/JackOCarvings,JackOCarvings
https://twitter.com/DAOhound_,DAOhound_
https://twitter.com/15_IQ_Capital,15_IQ_Capital
https://twitter.com/Mudit__Gupta,Mudit__Gupta
https://twitter.com/TXSOL,TXSOL
https://twitter.com/vascomds1,vascomds1
https://twitter.com/Daryllautk,Daryllautk
https://twitter.com/wizardsoftower,wizardsoftower
https://twitter.com/thegismar,thegismar
https://twitter.com/art_is_found,art_is_found
https://twitter.com/OxJiro,OxJiro
https://twitter.com/Socal_crypto,Socal_crypto
https://twitter.com/fuckyourputs,fuckyourputs
https://twitter.com/anmocito,anmocito
https://twitter.com/ether,ether
https://twitter.com/anderoBTC,anderoBTC
https://twitter.com/Funbun_,Funbun_
https://twitter.com/Oxmcflyeth,Oxmcflyeth
https://twitter.com/snorth86293881,snorth86293881
https://twitter.com/yeezuscapital,yeezuscapital
https://twitter.com/nyocollective,nyocollective
https://twitter.com/HotDogHoncho,HotDogHoncho
https://twitter.com/bigdsenpai,bigdsenpai
https://twitter.com/gmoneyofficial,gmoneyofficial
https://twitter.com/hhjacks,hhjacks
https://twitter.com/TrOllyTrOllFace,TrOllyTrOllFace
https://twitter.com/the_pebbler,the_pebbler
https://twitter.com/fintechfrank,fintechfrank
https://twitter.com/nOtabot_eth,nOtabot_eth
https://twitter.com/renee_giga,renee_giga
https://twitter.com/BarrySilbert,BarrySilbert
https://twitter.com/DegenTrue,DegenTrue
https://twitter.com/btcBiff,btcBiff
https://twitter.com/Pebble_HQ,Pebble_HQ
https://twitter.com/Galois_Capital,Galois_Capital
